Uuid,Void/Retire,Same as mappings,Fully specified name:en,Fully specified name:fr,Short name:en,Short name:fr,Description:en,Description:fr,Data class,Data type,Answers,Members,_version:1,_order:1000
9a46d15a-b128-4b12-b9b5-cbe55521d2c4,,ICD-10:A01,Suspected case of typhoid fever,Cas suspect de fièvre typhoïde,Suspected case of typhoid fever,Cas suspect de fièvre typhoïde,,,Diagnosis,N/A,,,,
47e56af3-cc79-431a-91ed-008bfb484abc,,ICD-10:A05.9,Food poisoning,Intoxications alimentaires,Food poisoning,Intoxications alimentaires,,,Diagnosis,N/A,,,,
0aa0111d-2875-42ae-825f-071c6d48257b,,ICD-10:A06,Intestinal amebiasis,Amibiase intestinale,Intestinal amebiasis,Amibiase intestinale,,,Diagnosis,N/A,,,,
f06f0c97-183d-4446-9403-19a4916b8a58,,ICD-10:A07.1,Giardiasis,Giardiase,Giardiasis,Giardiase,,,Diagnosis,N/A,,,,
bbee0776-9604-44fd-a9fa-087da639a7b1,,ICD-10:A09.9,Gastroenteritis of unspecified cause,Gastro-entérite d'origine non spécifiée,Gastroenteritis of unspecified cause,Gastro-entérite d'origine non spécifiée,,,Diagnosis,N/A,,,,
b815effa-2df7-4de3-8ab8-a84d062d19f3,,ICD-10:A15.3,Pulmonary tuberculosis,Tuberculose pulmonaire,Pulmonary tuberculosis,Tuberculose pulmonaire,,,Diagnosis,N/A,,,,
b25a93e0-5085-4c1c-8b56-7aaf940ddb83,,ICD-10:A16.9,Unspecified tuberculosis,Tuberculose non spécifiée,Unspecified tuberculosis,Tuberculose non spécifiée,,,Diagnosis,N/A,,,,
500348af-fb19-4592-88d0-b8aaa6d259f8,,ICD-10:B95.6,Staphylococcal anthrax,Anthrax staphylococcique,Staphylococcal anthrax,Anthrax staphylococcique,,,Diagnosis,N/A,,,,
9e4721c6-47d2-46ad-aa8b-04120a9efc7e,,ICD-10:A22.0,Cutaneous anthrax,Charbon cutané,Cutaneous anthrax,Charbon cutané,,,Diagnosis,N/A,,,,
1e1dcd4c-66ba-4c19-8331-967ef4df4091,,ICD-10:A27.9,Leptospirosis,Leptospirose,Leptospirosis,Leptospirose,,,Diagnosis,N/A,,,,
958eb272-1f26-4ef6-a1fa-5f5aa443678e,,ICD-10:A36.9,Diphtheria,Diphtérie,Diphtheria,Diphtérie,,,Diagnosis,N/A,,,,
6e4c21ba-1689-4590-80ad-2119cf5f2ac5,,ICD-10:A46,Erysipelas,Erysipèle,Erysipelas,Erysipèle,,,Diagnosis,N/A,,,,
0bf38466-9584-41cf-9715-796d536309a9,,ICD-10:A53.9,Syphilis,Syphilis,Syphilis,Syphilis,,,Diagnosis,N/A,,,,
9a07e5a0-8b76-4b99-9e3d-e377b45fbee0,,ICD-10:A54.9,Gonorrhea,Gonorrhée,Gonorrhea,Gonorrhée,,,Diagnosis,N/A,,,,
e5100512-6c58-4367-be2a-5bfcc9dd8c31,,ICD-10:A56,Chlamydia,Chlamydia,Chlamydia,Chlamydia,,,Diagnosis,N/A,,,,
c853e2e6-3996-4a3d-93e6-9a3d5adddab8,,ICD-10:A57,Soft chancroid,Chancre mou,Soft chancroid,Chancre mou,,,Diagnosis,N/A,,,,
4afca69a-e79e-4a0a-a8b4-6b09e5832d1d,,ICD-10:A59.0,Urogenital trichomoniasis,Trichomonose uro-génital,Urogenital trichomoniasis,Trichomonose uro-génital,,,Diagnosis,N/A,,,,
3d64d101-2d6b-4c22-87bf-2375e40fb122,,ICD-10:A60.9,Genital herpes,Herpès génital,Genital herpes,Herpès génital,,,Diagnosis,N/A,,,,
53b32cdf-73fc-497c-ab60-86dfed9fd8fe,,ICD-10:A63.0,Genital or anogenital condylomas,Condylomes génitaux ou ano-génitaux,Genital or anogenital condylomas,Condylomes génitaux ou ano-génitaux,,,Diagnosis,N/A,,,,
9721eab5-d849-435e-8b52-312a6fcde649,,ICD-10:A90,Dengue,Dengue,Dengue,Dengue,,,Diagnosis,N/A,,,,
0cf85ce8-17c2-4bd1-8933-b658475c92a6,,ICD-10:B00.1,Orofacial herpes,Herpes orofacial,Orofacial herpes,Herpes orofacial,,,Diagnosis,N/A,,,,
3822d64c-0fb7-4e29-8921-13f232f18a01,,ICD-10:B00.2,Acute herpetic gingivostomatitis,Gingivo-stomatite aiguëherpétique,Acute herpetic gingivostomatitis,Gingivo-stomatite aiguëherpétique,,,Diagnosis,N/A,,,,
044d4bc3-9eb6-4ad3-9587-22c38ea05b62,,ICD-10:B00.5,Ocular herpes,Herpes oculaire,Ocular herpes,Herpes oculaire,,,Diagnosis,N/A,,,,
d3c33e03-0b56-4105-b921-f1bcd7e07935,,ICD-10:B00.9,Herpes Simplex,Herpes Simplex,Herpes Simplex,Herpes Simplex,,,Diagnosis,N/A,,,,
179b0836-d371-48fe-8dee-b13820956f3c,,ICD-10:B01.9,Varicella,Varicelle,Varicella,Varicelle,,,Diagnosis,N/A,,,,
e23f3008-d923-4ad3-a20d-59ec0b0988e8,,ICD-10:B02.9,Lumbosacral herpes,Herpes lombo-sacré,Lumbosacral herpes,Herpes lombo-sacré,,,Diagnosis,N/A,,,,
8f03c2d3-f50d-4155-bf23-b72491575de0,,ICD-10:B02,Shingles,Zona,Shingles,Zona,,,Diagnosis,N/A,,,,
92e3b885-fe6b-4578-a450-15cd336bd08a,,ICD-10:B08.5,Herpangina,Herpangine,Herpangina,Herpangine,,,Diagnosis,N/A,,,,
55194cad-968e-44e0-a5b4-650e15d8b3b2,,ICD-10:B30.9,Viral conjunctivitis,Conjonctivite virale,Viral conjunctivitis,Conjonctivite virale,,,Diagnosis,N/A,,,,
53c62e88-87c5-4726-a33c-9fe9cd616c5a,,ICD-10:B35.0,Ringworm,Teigne,Ringworm,Teigne,,,Diagnosis,N/A,,,,
3d7c3db0-a091-49c7-82e4-fc884639a836,,ICD-10:B35.1,Onychomycosis,Onychomycose,Onychomycosis,Onychomycose,,,Diagnosis,N/A,,,,
e424211b-1cf3-439f-a67c-79ba91c60fc0,,ICD-10:B35.4,Circinate herpes,Herpes circiné,Circinate herpes,Herpes circiné,,,Diagnosis,N/A,,,,
de2cdf8e-cff2-4520-abb7-4f6243d2627d,,ICD-10:B35.6,Jock itch of Hebra,Eczéma marginé de Hébra,Jock itch of Hebra,Eczéma marginé de Hébra,,,Diagnosis,N/A,,,,
1e96176c-ca55-4856-ba5e-f7cec7216f4b,,ICD-10:B36.0,Tinea versicolor,Pityriasis versicolore,Tinea versicolor,Pityriasis versicolore,,,Diagnosis,N/A,,,,
945eea79-0a5b-4870-9bc7-a292741a541f,,ICD-10:B37.0,Lily of the valley,Muguet,Lily of the valley,Muguet,,,Diagnosis,N/A,,,,
4b05e574-cccd-41f6-bfc7-d1a1ab38c728,,ICD-10:B37.3,Candidal vulvovaginitis,Vulvo-vaginite candidosique,Candidal vulvovaginitis,Vulvo-vaginite candidosique,,,Diagnosis,N/A,,,,
04a4f7fe-ed19-4da4-a46f-18a977ef1195,,ICD-10:B37.4,Candidal balanitis,Balanite candidosique,Candidal balanitis,Balanite candidosique,,,Diagnosis,N/A,,,,
6c13b0be-51ee-4fdc-8d95-175e1cf267ad,,ICD-10:B37.9,Candidiasis intertrigo,Intertrigo candidosique,Candidiasis intertrigo,Intertrigo candidosique,,,Diagnosis,N/A,,,,
a92aa8ef-dce9-4a13-84db-acb437ae7a87,,ICD-10:B74.9,Filariasis,Filariose,Filariasis,Filariose,,,Diagnosis,N/A,,,,
37e01275-bc4e-49e2-aeb7-b05a029a8a1a,,ICD-10:B77,Ascariasis,Ascaridiose,Ascariasis,Ascaridiose,,,Diagnosis,N/A,,,,
f7ad12f8-1ce2-4bae-8c16-9316b944744a,,ICD-10:B80,Oxyurosis,Oxyurose,Oxyurosis,Oxyurose,,,Diagnosis,N/A,,,,
aa0ecdd4-919a-455f-a3b2-95a633252353,,ICD-10:B82.9,Unspecified intestinal parasitosis,Parasitose intestinale non spécifiée,Unspecified intestinal parasitosis,Parasitose intestinale non spécifiée,,,Diagnosis,N/A,,,,
381600d8-0176-481c-afd3-41ece59137c3,,ICD-10:B85.0,Scalp pediculosis,Pédiculose du cuir chevelu,Scalp pediculosis,Pédiculose du cuir chevelu,,,Diagnosis,N/A,,,,
c1ea133b-bd9f-41a6-8fa0-8162a8c4ab6b,,ICD-10:B85.1,Body pediculosis,Pédiculose corporelle,Body pediculosis,Pédiculose corporelle,,,Diagnosis,N/A,,,,
9808fa3d-4a88-4d60-aef9-e42376e73d90,,ICD-10:B85.3,Pubic phthiriasis,Phtiriase pubienne,Pubic phthiriasis,Phtiriase pubienne,,,Diagnosis,N/A,,,,
76a958f3-d008-40f7-9a29-13d216bf0e50,,ICD-10:B86,Sarcoptosis,Sarcoptose,Sarcoptosis,Sarcoptose,,,Diagnosis,N/A,,,,
47faf8e4-bae6-41e8-bf25-172524f39e72,,ICD-10:B98.0,Chronic gastritis due to Hpylori,Gastrite chronique à Hpylori,Chronic gastritis due to Hpylori,Gastrite chronique à Hpylori,,,Diagnosis,N/A,,,,
f2411afa-2785-4e02-b202-e941cd5a04e4,,ICD-10:D25.9,Uterine fibroids,Fibrome utérin,Uterine fibroids,Fibrome utérin,,,Diagnosis,N/A,,,,
663b6c01-8ff4-4bd3-8b49-d47d63e14664,,ICD-10:D50.0,Chronic bleeding related anemia,Anémie carentielle par  saignement chronique,Chronic bleeding related anemia,Anémie carentielle par  saignement chronique,,,Diagnosis,N/A,,,,
690a1350-af92-4de2-a681-75e5d91d11a0,,ICD-10:D50.9,Deficiency anemia,Anémie carencielle,Deficiency anemia,Anémie carencielle,,,Diagnosis,N/A,,,,
0691b59a-4db6-495f-b7b1-2699bfb03a6e,,ICD-10:D57.0,Sickle cell anemia with seizures,Anémie à hématies falciformes avec crises,Sickle cell anemia with seizures,Anémie à hématies falciformes avec crises,,,Diagnosis,N/A,,,,
74f88be5-0e8c-4e27-b4ca-85a28d673e3a,,ICD-10:D57.1,Sickle cell anemia without seizures,Anémie à hématies falciformes sans crises,Sickle cell anemia without seizures,Anémie à hématies falciformes sans crises,,,Diagnosis,N/A,,,,
2bde7734-a3a1-4b81-8152-c72656a691e7,,ICD-10:E10,Type 1 diabetes,Diabète type 1,Type 1 diabetes,Diabète type 1,,,Diagnosis,N/A,,,,
beaa695d-36c2-4ce2-9426-61039c50cdb0,,ICD-10:E10.0,Type 1 diabetic coma,Coma diabétique Type 1,Type 1 diabetic coma,Coma diabétique Type 1,,,Diagnosis,N/A,,,,
d476e3bb-ff7b-4176-aabe-64c966db0dcc,,ICD-10:E11,Type 2 diabetes,Diabète type 2,Type 2 diabetes,Diabète type 2,,,Diagnosis,N/A,,,,
b8cdb34a-fc8e-4beb-b39e-1e806e3a3f67,,ICD-10:E11.0,Type 2 diabetic coma,Coma diabétique Type 2,Type 2 diabetic coma,Coma diabétique Type 2,,,Diagnosis,N/A,,,,
12b3692b-c68d-4c7b-afe6-e7c9fad965b5,,ICD-10:E15,Non-diabetic hypoglycemic coma,Coma hypoglycémique non diabétique,Non-diabetic hypoglycemic coma,Coma hypoglycémique non diabétique,,,Diagnosis,N/A,,,,
6c99ca8c-e913-450c-8927-3164d08c198e,,ICD-10:E16.2,Hypoglycemia,Hypoglycémie,Hypoglycemia,Hypoglycémie,,,Diagnosis,N/A,,,,
583dd78e-1d11-4f13-afe9-6798d7a68920,,ICD-10:E28.2,Micropolycystic ovaries,Ovaires micropolykystiques,Micropolycystic ovaries,Ovaires micropolykystiques,,,Diagnosis,N/A,,,,
cfafd027-4e4b-4b46-bf2d-08f0380fd128,,ICD-10:E41,Severe malnutrition,Malnutrition sévère,Severe malnutrition,Malnutrition sévère,,,Diagnosis,N/A,,,,
5f483257-81fd-4378-93d2-1284edbc0ab1,,ICD-10:E42,Kwashiorkor,Kwashiorkor,Kwashiorkor,Kwashiorkor,,,Diagnosis,N/A,,,,
5e099f1a-cab3-42a6-9dbb-f32484a48ba9,,ICD-10:E44.0,Moderate malnutrition,Malnutrition modéré,Moderate malnutrition,Malnutrition modéré,,,Diagnosis,N/A,,,,
865c4d31-b3d7-4ce6-8355-ea0932f733ad,,ICD-10:E44.1,Mild malnutrition,Malnutrition légère,Mild malnutrition,Malnutrition légère,,,Diagnosis,N/A,,,,
2b4b15ae-00c3-49ad-b452-4e83ee64be05,,ICD-10:E56.9,Avitaminosis,Avitaminose,Avitaminosis,Avitaminose,,,Diagnosis,N/A,,,,
2ddf72ad-c621-443d-90b5-1c8105731a22,,ICD-10:E86,Dehydration,Déshydratation,Dehydration,Déshydratation,,,Diagnosis,N/A,,,,
397300d5-e68a-4ee7-85e1-15d6aebfa0e3,,ICD-10:F29,Psychosis,Psychose,Psychosis,Psychose,,,Diagnosis,N/A,,,,
660ae2ed-170d-45c0-8da9-e21d979810a9,,ICD-10:F39,Mood disorders (Psychiatric disorders),Troubles de l'humeur (Troubles psychiatrique),Mood disorders (Psychiatric disorders),Troubles de l'humeur (Troubles psychiatrique),,,Diagnosis,N/A,,,,
6ffc230b-0d26-4936-8cfc-ba4941ea450d,,ICD-10:F41.9,Anxiety,Anxiété,Anxiety,Anxiété,,,Diagnosis,N/A,,,,
622978fd-92f2-44f2-a854-4861e1781992,,ICD-10:F50.9,Eating disorder (Psychiatric disorders),Trouble de l'alimenation (Troubles psychiatriques),Eating disorder (Psychiatric disorders),Trouble de l'alimenation (Troubles psychiatriques),,,Diagnosis,N/A,,,,
abf91b9d-2648-4334-bdf5-daa2526104c7,,ICD-10:F79,Mental retardation (Psychiatric disorders),Retard mental (Troubles psychiatriques),Mental retardation (Psychiatric disorders),Retard mental (Troubles psychiatriques),,,Diagnosis,N/A,,,,
a4802b99-3e46-4a1e-864d-d6b5ec98f747,,ICD-10:F99,Unspecified psychiatric disorders,Troubles psychiatriques non spécifiés,Unspecified psychiatric disorders,Troubles psychiatriques non spécifiés,,,Diagnosis,N/A,,,,
899a300d-aaae-4aba-8661-6fb35eb6c6ee,,ICD-10:G40.9,Epilepsy,Epilepsie,Epilepsy,Epilepsie,,,Diagnosis,N/A,,,,
0bc9f579-9fe7-43f1-a501-a1e81197bfe3,,ICD-10:H00.0,Stye,Orgelet,Stye,Orgelet,,,Diagnosis,N/A,,,,
6e6ed1ee-e6af-4c10-b30b-8680ce71a533,,ICD-10:H00.1,Chalazion,Chalazion,Chalazion,Chalazion,,,Diagnosis,N/A,,,,
2a27eea9-d91c-4313-9eb6-be4ca2a3b2f1,,ICD-10:H10.0,Bacterial conjunctivitis,Conjonctivite bactérienne,Bacterial conjunctivitis,Conjonctivite bactérienne,,,Diagnosis,N/A,,,,
9e9d1ec2-7571-4a8e-92af-02d176be8f63,,ICD-10:H10.8,Toxic conjunctivitis,Conjonctivite toxique,Toxic conjunctivitis,Conjonctivite toxique,,,Diagnosis,N/A,,,,
4aa49e93-6f1f-41ab-b8cc-e9aa36b7a1f7,,ICD-10:H10.9,Allergic conjunctivitis,Conjonctivite allergique,Allergic conjunctivitis,Conjonctivite allergique,,,Diagnosis,N/A,,,,
bd6e9347-4f22-4cde-b00b-4e175eea2884,,ICD-10:H60.9,Bacterial otitis externa,Otite externe bactérienne,Bacterial otitis externa,Otite externe bactérienne,,,Diagnosis,N/A,,,,
854dbe8a-b5dc-4d06-866f-84fbe614a3ab,,ICD-10:H62.2,Otomycosis,Otomycose,Otomycosis,Otomycose,,,Diagnosis,N/A,,,,
9dd263c5-e837-4430-aa09-8f82dae16354,,ICD-10:H66.9,Acute otitis media,Otite moyenne aigue,Acute otitis media,Otite moyenne aigue,,,Diagnosis,N/A,,,,
4aa9b229-dffb-43f0-917e-8a0d74006c9d,,ICD-10:I16.9,Hypertensive crisis,Crise hypertensive,Hypertensive crisis,Crise hypertensive,,,Diagnosis,N/A,,,,
050beddb-ca04-4751-91f5-0d47c5f4cc46,,ICD-10:I10,Arterial hypertension,Hypertension artérielle,Arterial hypertension,Hypertension artérielle,,,Diagnosis,N/A,,,,
8ecec1d8-ed9b-40d2-902f-a7e786e75d5d,,ICD-10:I46.9,Heart failure,Arrêt cardio-respiratoire,Heart failure,Arrêt cardio-respiratoire,,,Diagnosis,N/A,,,,
86156495-a73e-410d-984c-78ee3c85beff,,ICD-10:I50.9,Heart failure,Insuffisance cardiaque,Heart failure,Insuffisance cardiaque,,,Diagnosis,N/A,,,,
5c9f280d-69e5-4763-b9af-55d430c6bd55,,ICD-10:I64,Stroke,Accident vasculaire cérébral,Stroke,Accident vasculaire cérébral,,,Diagnosis,N/A,,,,
5cc1dd29-98a6-481a-85a3-a5f3b99d2a65,,ICD-10:I84,Hemorrhoid,Hémorroïde,Hemorrhoid,Hémorroïde,,,Diagnosis,N/A,,,,
8466fe7c-4a09-4f3c-849b-8c56b33a3437,,ICD-10:J01.0,Acute maxillary sinusitis,Sinusite maxillaire aigue,Acute maxillary sinusitis,Sinusite maxillaire aigue,,,Diagnosis,N/A,,,,
53c4b88a-bb13-430c-8fa1-230bd6927edb,,ICD-10:J01.2,Acute ethmoiditis,Ethmoïdite aigue,Acute ethmoiditis,Ethmoïdite aigue,,,Diagnosis,N/A,,,,
709d4417-3144-4f32-ada5-00fbf3c2f3f1,,ICD-10:J01.3,Sphenoidal sinusitis,Sinusite sphénoïdale,Sphenoidal sinusitis,Sinusite sphénoïdale,,,Diagnosis,N/A,,,,
01cfb48a-0ebb-491d-aa8a-2251977c2082,,ICD-10:J01.9,Acute sinusitis,Sinusite aigue,Acute sinusitis,Sinusite aigue,,,Diagnosis,N/A,,,,
e862005c-660a-4ad4-bbd8-6f01a9726a89,,ICD-10:J02.9,Pharyngitis,Pharyngite,Pharyngitis,Pharyngite,,,Diagnosis,N/A,,,,
5d4f5ff3-6a04-4c3a-8728-ed47420f61ef,,ICD-10:J03,Acute tonsils,Amygdalyte aiguë,Acute tonsils,Amygdalyte aiguë,,,Diagnosis,N/A,,,,
5cba0f61-4ea6-407a-8961-86db6e8bd744,,ICD-10:J03.9,Acute ulcerative tonsils,Amygdalyte aiguë ulcéreuse,Acute ulcerative tonsils,Amygdalyte aiguë ulcéreuse,,,Diagnosis,N/A,,,,
f9dd8523-20e3-4000-8067-3b2ca8b46d53,,ICD-10:J04.0,Acute laryngitis,Laryngite aigue,Acute laryngitis,Laryngite aigue,,,Diagnosis,N/A,,,,
2fc88f30-8806-4606-a0aa-bfd4901a2b81,,ICD-10:J05.1,Epiglottitis,Épiglottite,Epiglottitis,Épiglottite,,,Diagnosis,N/A,,,,
d322b6e1-7d33-41ee-8f55-5755f87d4eb5,,ICD-10:J12.9,Viral pneumonia,Pneumonie virale,Viral pneumonia,Pneumonie virale,,,Diagnosis,N/A,,,,
0cbf457c-1abb-41ab-bced-c500e99fe785,,ICD-10:J15.9,Bacterial pneumonia,Pneumonie bactérienne,Bacterial pneumonia,Pneumonie bactérienne,,,Diagnosis,N/A,,,,
52b94d51-d739-4123-85ca-eb833676985a,,ICD-10:J18.9,Pneumonia of unspecified cause,Pneumonie d'origine non spécifiée,Pneumonia of unspecified cause,Pneumonie d'origine non spécifiée,,,Diagnosis,N/A,,,,
ecf88190-45ea-43d7-9a57-d7d214c00f85,,ICD-10:J20.9,Acute bronchitis,Bronchite aigue,Acute bronchitis,Bronchite aigue,,,Diagnosis,N/A,,,,
bda441c5-5e6b-4472-bc0d-c9cef6139c0c,,ICD-10:J21.9,Acute bronchiolitis,Bronchiolite aigue,Acute bronchiolitis,Bronchiolite aigue,,,Diagnosis,N/A,,,,
fa934c2c-3ea9-40ea-9aa4-35113da6cd60,,ICD-10:J30.4,Allergic rhinitis,Rhinite allergique,Allergic rhinitis,Rhinite allergique,,,Diagnosis,N/A,,,,
6d51e2f6-cbde-43f9-afb5-4bb9dbf3f1ae,,ICD-10:J32.1,Chronic frontal sinusitis,Sinusite frontale chronique,Chronic frontal sinusitis,Sinusite frontale chronique,,,Diagnosis,N/A,,,,
c6751460-ee1b-4725-b430-9d829fb078a4,,ICD-10:J33.9,Naso-sinus polyps,Polypes naso-sinusiennes,Naso-sinus polyps,Polypes naso-sinusiennes,,,Diagnosis,N/A,,,,
d62488fa-c7da-447d-bfac-e392c7bf2f27,,ICD-10:J35.0,Chronic tonsils,Amygdalyte chronique,Chronic tonsils,Amygdalyte chronique,,,Diagnosis,N/A,,,,
7bab760b-9814-45f9-bdac-83c2992a4c02,,ICD-10:J45.0,Allergic asthma,Asthme allergique,Allergic asthma,Asthme allergique,,,Diagnosis,N/A,,,,
018a1074-8350-4983-88a8-0ac21aa897ff,,ICD-10:J45.9,Asthma,Asthme,Asthma,Asthme,,,Diagnosis,N/A,,,,
c6950087-7a96-44c1-a163-855f548add7a,,ICD-10:J46,Asthma attack,Crise d’asthme,Asthma attack,Crise d’asthme,,,Diagnosis,N/A,,,,
5d714323-9b7a-422b-8018-558a56c92867,,ICD-10:J81,Acute pulmonary edema,Œdème aigu pulmonaire,Acute pulmonary edema,Œdème aigu pulmonaire,,,Diagnosis,N/A,,,,
9c73a22d-92c3-4fb4-addf-29830aa45aaa,,ICD-10:K05.2,Acute periodontitis,Périodontite aigue,Acute periodontitis,Périodontite aigue,,,Diagnosis,N/A,,,,
fb1c7f6f-401b-4a2b-8345-9e6f9198e54c,,ICD-10:K05.3,Chronic periodontitis,Périodontite chronique,Chronic periodontitis,Périodontite chronique,,,Diagnosis,N/A,,,,
19cded52-cc4c-4ca1-b625-798201b4c0e2,,ICD-10:K13,Perleche,Perlèche,Perleche,Perlèche,,,Diagnosis,N/A,,,,
ceedc302-faed-48a6-a26e-407e2ef8910b,,ICD-10:K13.0,Cheilitis,Chéilite,Cheilitis,Chéilite,,,Diagnosis,N/A,,,,
3d22dca4-4846-486d-97b3-e0e0f8f1d366,,ICD-10:K21.9,Gastroesophageal reflux disease,Reflux gastro-œsophagiens,Gastroesophageal reflux disease,Reflux gastro-œsophagiens,,,Diagnosis,N/A,,,,
2d502dad-17d6-4173-a5b0-54484a9e83c1,,ICD-10:K25,Stomach ulcer,Ulcère de l'estomac,Stomach ulcer,Ulcère de l'estomac,,,Diagnosis,N/A,,,,
a9cfaa8d-9fa8-490f-87e4-4500bbc80e11,,ICD-10:K26,Duodenal ulcer,Ulcère duodénale,Duodenal ulcer,Ulcère duodénale,,,Diagnosis,N/A,,,,
b5af964b-f30a-4ecf-9f4c-46252b5a0aa3,,ICD-10:K29.7,Gastric crisis,Crise gastrique,Gastric crisis,Crise gastrique,,,Diagnosis,N/A,,,,
317458c2-771f-4fa8-92bc-e1db05e2ae26,,ICD-10:K29.1,Acute gastritis,Gastrite aigue,Acute gastritis,Gastrite aigue,,,Diagnosis,N/A,,,,
9a42955b-02f5-4a47-b7f0-dae40d6d9951,,ICD-10:K29.5,Chronic gastritis,Gastrite chronique,Chronic gastritis,Gastrite chronique,,,Diagnosis,N/A,,,,
0fdae12a-5cc9-4a6a-9f3a-28349f7a60ef,,ICD-10:K35,Acute appendicitis,Appendicite aigue,Acute appendicitis,Appendicite aigue,,,Diagnosis,N/A,,,,
166b1f66-9a3e-4ae5-b3ac-4df708cf15ee,,ICD-10:K56.6,Bowel obstruction,Occlusion intestinale,Bowel obstruction,Occlusion intestinale,,,Diagnosis,N/A,,,,
65d8c1e9-fa13-4e91-939a-c8cc2a6ad50c,,ICD-10:K60.2,Anal fissure,Fissure anale,Anal fissure,Fissure anale,,,Diagnosis,N/A,,,,
400658cd-2eb6-41ab-87d5-a67059f39956,,ICD-10:K62.1,Rectal polyps,Polypes rectal,Rectal polyps,Polypes rectal,,,Diagnosis,N/A,,,,
5d7833bc-f4c4-4aa1-b30c-f5d93fb6d9c4,,ICD-10:K65.0,Acute peritonitis,Péritonite aigue,Acute peritonitis,Péritonite aigue,,,Diagnosis,N/A,,,,
de8bb02f-b0b1-4bf3-9f34-6105a646c3ed,,ICD-10:K81.9,Acute cholecystitis,Cholécystite aigue,Acute cholecystitis,Cholécystite aigue,,,Diagnosis,N/A,,,,
29aa22da-5e69-4e98-90dd-a121073fe353,,ICD-10:K92.2,Upper gastrointestinal bleeding,Hémorragie digestive haute,Upper gastrointestinal bleeding,Hémorragie digestive haute,,,Diagnosis,N/A,,,,
aedd854a-f41f-49d7-b995-f986276a74c2,,ICD-10:L01.0,Impetigo,Impétigo,Impetigo,Impétigo,,,Diagnosis,N/A,,,,
010a7d7c-225b-4245-88d9-7dc11284b448,,ICD-10:L01.1,Impetiginization,Impétiginisation,Impetiginization,Impétiginisation,,,Diagnosis,N/A,,,,
a81e8823-9832-42cd-84e8-636bbf7f4890,,ICD-10:L02.9,Boil,Furoncle,Boil,Furoncle,,,Diagnosis,N/A,,,,
a85b225c-64e6-497a-bff9-8ab3e6139e80,,ICD-10:L03.0,Whitlow,Panaris,Whitlow,Panaris,,,Diagnosis,N/A,,,,
6ac03234-08c7-4e1d-a134-5424f1155887,,ICD-10:L03.0,Peri onyxis,Péri onyxis,Peri onyxis,Péri onyxis,,,Diagnosis,N/A,,,,
b2a8e7bf-cbc7-4765-8b52-aac2d37b4961,,ICD-10:L08.1,Erythrasma,Érythrasma,Erythrasma,Érythrasma,,,Diagnosis,N/A,,,,
657153dc-7611-443d-bf67-7aecdaacf394,,ICD-10:L20.9,Atopic dermatitis,Dermatite atopique,Atopic dermatitis,Dermatite atopique,,,Diagnosis,N/A,,,,
8a9de4c0-75e9-4789-8151-2dec548c9d2f,,ICD-10:L30.9,Eczema,Eczéma,Eczema,Eczéma,,,Diagnosis,N/A,,,,
80035de8-bc66-4c5b-b05f-dcb80be951a8,,ICD-10:L50.0,Allergic urticaria,Urticaire allergique,Allergic urticaria,Urticaire allergique,,,Diagnosis,N/A,,,,
2ff6b63f-90af-4cd2-b0e9-3f42d798b85e,,ICD-10:L66.2,Folliculitis,Folliculite,Folliculitis,Folliculite,,,Diagnosis,N/A,,,,
f24e1957-d734-4b89-b397-597fe5dc40fb,,ICD-10:L73.8,Beard Sycosis,Sycosis de la barbe,Beard Sycosis,Sycosis de la barbe,,,Diagnosis,N/A,,,,
1aff3767-2f06-4a26-a211-8f292fd32d6c,,ICD-10:M06.9,Rheumatoid arthritis,Polyarthrite rhumatoïde,Rheumatoid arthritis,Polyarthrite rhumatoïde,,,Diagnosis,N/A,,,,
400ebf55-6d6b-4306-ba04-3f4160ba567c,,ICD-10:M10.9,Gouty arthritis,Arthrite goutteuse,Gouty arthritis,Arthrite goutteuse,,,Diagnosis,N/A,,,,
60e8ced0-2d1f-469d-9e11-7166639a1237,,ICD-10:M13.9,Arthritis,Arthrite,Arthritis,Arthrite,,,Diagnosis,N/A,,,,
b319fbba-6fb7-4265-b8b3-5d834074b980,,ICD-10:M19.9,Osteoarthritis,Arthrose,Osteoarthritis,Arthrose,,,Diagnosis,N/A,,,,
8e0e8823-304b-4940-93e5-e900f22e773e,,ICD-10:M43.6,Torticollis,Torticolis,Torticollis,Torticolis,,,Diagnosis,N/A,,,,
b635dd94-a081-4f22-9ef7-db1ebb210d82,,ICD-10:N10,Acute pyelonephritis,Pyélonéphrite aigue,Acute pyelonephritis,Pyélonéphrite aigue,,,Diagnosis,N/A,,,,
88b74ce0-b3d5-42f0-b237-05b6adfe2114,,ICD-10:N20.0,Nephretic colic / renal lithiasis,Colique nephretique/ lithiase rénal,Nephretic colic / renal lithiasis,Colique nephretique/ lithiase rénal,,,Diagnosis,N/A,,,,
b7c0858d-b7e0-4b3c-b274-8175d366166f,,ICD-10:N30.0,Acute cystitis,Cystite aigue,Acute cystitis,Cystite aigue,,,Diagnosis,N/A,,,,
145945ea-a8ca-4655-855c-aa522cc68483,,ICD-10:N34.3,Urethritis,Urétrite,Urethritis,Urétrite,,,Diagnosis,N/A,,,,
e956a0f1-7238-4627-bdc8-0a1d3bfa6f20,,ICD-10:N45.9,Acute orchi-epididymitis,Orchi-épididymite aigue,Acute orchi-epididymitis,Orchi-épididymite aigue,,,Diagnosis,N/A,,,,
4a902098-4ea9-45f5-bcf6-2316288e3d91,,ICD-10:N72,Acute cervicitis,Cervicite aigue,Acute cervicitis,Cervicite aigue,,,Diagnosis,N/A,,,,
c1b7ea98-e365-4598-bf64-8fce3fb15d7d,,ICD-10:N73.9,Pelvic inflammatory disease (PID),Maladie inflammatoire pelvienne (MIP),Pelvic inflammatory disease (PID),Maladie inflammatoire pelvienne (MIP),,,Diagnosis,N/A,,,,
53f846cf-970f-4bd3-8e99-3ed9312da83a,,ICD-10:N76.0,Bacterial vaginosis,Vaginose bactérienne,Bacterial vaginosis,Vaginose bactérienne,,,Diagnosis,N/A,,,,
01963224-ac4e-44bf-a067-89b020dc2660,,ICD-10:N83.2,Functional ovarian cyst,Kyste fonctionnelle de l’ovaire,Functional ovarian cyst,Kyste fonctionnelle de l’ovaire,,,Diagnosis,N/A,,,,
420359ad-ac41-44d4-bb21-a7d431140895,,ICD-10:N84.9,Polyps of the female reproductive system,Polypes de l'appareil génital féminin,Polyps of the female reproductive system,Polypes de l'appareil génital féminin,,,Diagnosis,N/A,,,,
ee49b905-1812-483a-b6d2-c5118ab025f9,,ICD-10:N93.9,Abnormal uterine bleeding,Saignement utérin anormal,Abnormal uterine bleeding,Saignement utérin anormal,,,Diagnosis,N/A,,,,
c3f7006d-c12c-4aca-9929-50431f9dc948,,ICD-10:N94.6,Dysmenorrhea,Dysménorrhée,Dysmenorrhea,Dysménorrhée,,,Diagnosis,N/A,,,,
00baa38e-af2c-4d03-9734-7accebfa4f3b,,ICD-10:O00.9,Ectopic pregnancy,Grossesse ectopique,Ectopic pregnancy,Grossesse ectopique,,,Diagnosis,N/A,,,,
fe617e83-7387-4abc-ac8f-9958cb86e754,,ICD-10:O03.4,Incomplete spontaneous abortion,Avortement spontané incomplet,Incomplete spontaneous abortion,Avortement spontané incomplet,,,Diagnosis,N/A,,,,
a7b7cb57-93e3-448e-aa21-e7b675dbca47,,ICD-10:O03.9,Complete spontaneous abortion,Avortement spontané complet,Complete spontaneous abortion,Avortement spontané complet,,,Diagnosis,N/A,,,,
5f3adcc1-7ec5-4754-b151-f5cf62400eae,,ICD-10:O04.4,Incomplete induced abortion,Avortement provoqué incomplet,Incomplete induced abortion,Avortement provoqué incomplet,,,Diagnosis,N/A,,,,
01d33365-d42e-4492-b7a6-16f2f62fcd06,,ICD-10:O04.9,Complete induced abortion,Avortement provoqué complet,Complete induced abortion,Avortement provoqué complet,,,Diagnosis,N/A,,,,
f94ebb93-9fc1-41a8-b2bd-4f79377ea3d7,,ICD-10:O10.9,"Pre-existing hypertension complicating pregnancy, childbirth and the puerperium","Hypertension préexistante compliquant la grossesse, l'accouchement et la puerpéralité","Pre-existing hypertension complicating pregnancy, childbirth and the puerperium","Hypertension préexistante compliquant la grossesse, l'accouchement et la puerpéralité",,,Diagnosis,N/A,,,,
de334709-a99b-4ba2-a3eb-09528cc49a2c,,ICD-10:O13,Gestational high blood pressure,Hypertension artérielle gestationelle,Gestational high blood pressure,Hypertension artérielle gestationelle,,,Diagnosis,N/A,,,,
498cd8e9-f2b5-4c73-a1bc-6e7cb424cc58,,ICD-10:O14.0,Mild to moderate preeclampsia,Pré-éclampsie légère à modérée,Mild to moderate preeclampsia,Pré-éclampsie légère à modérée,,,Diagnosis,N/A,,,,
3c674636-ea1f-4387-a3d7-fbc73cd222d7,,ICD-10:O14.1,Severe preeclampsia,Pré-éclampsie sévère,Severe preeclampsia,Pré-éclampsie sévère,,,Diagnosis,N/A,,,,
707d99fb-3313-43f0-a821-e0f89e8a74ce,,ICD-10:O20.0,Threatened abortion,Menace d’avortement,Threatened abortion,Menace d’avortement,,,Diagnosis,N/A,,,,
2160c7a6-c006-4b4a-a5c7-e1c5c365cf5e,,ICD-10:O20.9,Bleeding during early pregnancy,Hémorragie du début de la grossesse,Bleeding during early pregnancy,Hémorragie du début de la grossesse,,,Diagnosis,N/A,,,,
42c730bf-bdb8-470f-ad52-4599c57e7c36,,ICD-10:O24.4,Gestational Diabetes,Diabète gestationnel,Gestational Diabetes,Diabète gestationnel,,,Diagnosis,N/A,,,,
9782d23d-a750-48e9-b257-6109ee0abdcb,,ICD-10:O30.9,Multiple pregnancy,Grossesse multiple,Multiple pregnancy,Grossesse multiple,,,Diagnosis,N/A,,,,
08c7dfd2-13da-415f-990d-6addf9f9f68e,,ICD-10:O46,Antepartum haemorrhage,Hémorragie antepartum,Antepartum haemorrhage,Hémorragie antepartum,,,Diagnosis,N/A,,,,
d57ae2a1-778b-4db6-8e57-99c2b9997781,,ICD-10:O60.0,Threatened preterm birth,Menace d'accouchement prématuré,Threatened preterm birth,Menace d'accouchement prématuré,,,Diagnosis,N/A,,,,
665633e4-afa1-479f-ab39-793d161cd0fe,,ICD-10:O72,Postpartum haemorrhage,Hémorragie du post partum,Postpartum haemorrhage,Hémorragie du post partum,,,Diagnosis,N/A,,,,
395b9600-fdc4-420a-bed9-e11929e15fe1,,ICD-10:O98.7,"HIV infection complicating pregnancy, childbirth and the puerperium","Infection HIV compliquant la grossesse, l'accouchement et la puerpéralité","HIV infection complicating pregnancy, childbirth and the puerperium","Infection HIV compliquant la grossesse, l'accouchement et la puerpéralité",,,Diagnosis,N/A,,,,
0ad71062-9c23-449f-9203-62021253adb0,,ICD-10:O99.0,Pregnancy related anemia,Anémie de grossesse,Pregnancy related anemia,Anémie de grossesse,,,Diagnosis,N/A,,,,
797687a1-bf0e-4027-ad57-8524fa91bbca,,ICD-10:P39.1,Neonatal conjunctivitis,Conjonctivite néonatale,Neonatal conjunctivitis,Conjonctivite néonatale,,,Diagnosis,N/A,,,,
a46bdf4c-0609-4f1d-bcae-8ab7b0caab7f,,ICD-10:P96.9,Fetal death in utero,Mort fœtale in utero,Fetal death in utero,Mort fœtale in utero,,,Diagnosis,N/A,,,,
cf1c3d75-5bf8-4953-a924-e9dfc7e1b6fc,,ICD-10:R04.0,Epistaxis,Epistaxis,Epistaxis,Epistaxis,,,Diagnosis,N/A,,,,
8b077a49-30b6-4c40-94cc-827c2b60b86d,,ICD-10:R04.2,Hemoptysis,Hémoptysie,Hemoptysis,Hémoptysie,,,Diagnosis,N/A,,,,
ee1c903d-b7f2-4324-8baa-326080993dd8,,ICD-10:R10.4,Infant colic,Colique infantile,Infant colic,Colique infantile,,,Diagnosis,N/A,,,,
6ef47a46-5c35-42ac-9b1c-36d0f25269da,,ICD-10:R14,Abdominal bloating,Ballonnement abdominal,Abdominal bloating,Ballonnement abdominal,,,Diagnosis,N/A,,,,
28945e52-0741-41cd-b593-04acfc82eb2e,,ICD-10:R33,Acute urine retention,Rétention aigue d’urine,Acute urine retention,Rétention aigue d’urine,,,Diagnosis,N/A,,,,
08134b25-d361-4863-ba52-63e103cc3416,,ICD-10:R50.9,Fever of unknown cause,Fièvre de causes indéterminées,Fever of unknown cause,Fièvre de causes indéterminées,,,Diagnosis,N/A,,,,
700e4811-2b1d-4b83-b412-4a7941dc0c54,,ICD-10:R53,Asthenic syndrome,Syndrome asthénique,Asthenic syndrome,Syndrome asthénique,,,Diagnosis,N/A,,,,
13885f45-f0b8-461f-97f7-3abd7de87d49,,ICD-10:R57.0,Cardiogenic shock,Choc cardiogénique,Cardiogenic shock,Choc cardiogénique,,,Diagnosis,N/A,,,,
266451b9-2def-4924-b091-0ab3b18b50a8,,ICD-10:R57.1,Hypovolemic shock,Choc hypovolémique,Hypovolemic shock,Choc hypovolémique,,,Diagnosis,N/A,,,,
34de0a93-6c76-4ff8-93d1-4d47d4da445e,,ICD-10:R57.2,Septic shock,Choc septique,Septic shock,Choc septique,,,Diagnosis,N/A,,,,
a79b5e9e-55b2-489d-8d0c-70556896216c,,ICD-10:S43.0,Shoulder dislocation,Luxation de l’épaule,Shoulder dislocation,Luxation de l’épaule,,,Diagnosis,N/A,,,,
28e6720c-c3ae-4879-87b7-457ffeb7b301,,ICD-10:T14.0,Soft tissue contusion,Contusion des parties molles,Soft tissue contusion,Contusion des parties molles,,,Diagnosis,N/A,,,,
0ac54f9f-7495-4bbd-907b-f3c0116b7e24,,ICD-10:T14.1,Open wound in an unspecified area of ​​the body,Plaie ouverte d'une région du corps non précisée,Open wound in an unspecified area of ​​the body,Plaie ouverte d'une région du corps non précisée,,,Diagnosis,N/A,,,,
c41f50e9-0fb3-43dc-93ce-ecfc6f4e1f31,,ICD-10:T14.3,Sprain,Entorse,Sprain,Entorse,,,Diagnosis,N/A,,,,
4f942379-0f74-4c7c-91d5-4140207c4c89,,ICD-10:T78.2,Anaphylactic shock,Choc anaphylactique,Anaphylactic shock,Choc anaphylactique,,,Diagnosis,N/A,,,,
c0c1c32f-9556-4b5e-9190-8893b39072cb,,ICD-10:T78.3,Allergic angioedema or angioedema,Angioedème allergique ou Œdème de Quincke,Allergic angioedema or angioedema,Angioedème allergique ou Œdème de Quincke,,,Diagnosis,N/A,,,,
a02d6b06-2254-4ed9-89bd-01f41446752d,,ICD-10:T79.4,Traumatic shock,Choc traumatique,Traumatic shock,Choc traumatique,,,Diagnosis,N/A,,,,
df90cd67-07fe-4fc5-894c-c5ee9b012bb2,,ICD-10:X49,Ingestion of caustics,Ingestion de produits caustiques,Ingestion of caustics,Ingestion de produits caustiques,,,Diagnosis,N/A,,,,
b8f7975e-7ccc-4867-a907-96f33db9e833,,ICD-10:Z03.9,No pathological diagnosis,Aucun diagnostique pathologique,No pathological diagnosis,Aucun diagnostique pathologique,,,Diagnosis,N/A,,,,
6854cb25-9f8d-4f48-a24f-52819cd1fc31,,ICD-10:Z21,HIV infection,Infection au VIH,HIV infection,Infection au VIH,,,Diagnosis,N/A,,,,
d0ff74cd-8763-4e34-8480-b554b708d5a1,,ICD-10:Z33,Grossesse,Grossesse,Grossesse,Grossesse,,,Diagnosis,N/A,,,,
cdf3577e-f212-4574-8b4b-83c2e71505aa,,ICD-10:N39.0,Urinary tract infection,Infection urinaire,Urinary tract infection,Infection urinaire,,,Diagnosis,N/A,,,,
2baf76f1-1639-4d69-bbed-ba439980f940,,ICD-10:A92.0,Chikungunya,Chikungunya,Chikungunya,Chikungunya,,,Diagnosis,N/A,,,,
2b8a4f5b-aa43-43e6-b86a-6d92593f8313,,ICD-10:A00.9,Cholera,Choléra,Cholera,Choléra,,,Diagnosis,N/A,,,,
2c05bf39-cef4-4097-b82e-a2202928d56f,,ICD-10:A37.9,Whooping cough,Coqueluche,Whooping cough,Coqueluche,,,Diagnosis,N/A,,,,
161fd30c-8b24-4d28-9de4-8f89ef7686ee,,ICD-10:G40.9,Épilepsie,Épilepsie,Épilepsie,Épilepsie,,,Diagnosis,N/A,,,,
41f811d8-4423-44bd-b170-408ea6c3954e,,ICD-10:A99,Haemorrhagic fever,Fièvre hémoragique,Haemorrhagic fever,Fièvre hémoragique,,,Diagnosis,N/A,,,,
43158ec0-7d28-4391-bdb8-df1d8a79e269,,ICD-10:J06.9,Unspecified Acute respiratory infection,Infection respiratoire aigue non spécifiée,Unspecified Acute respiratory infection,Infection respiratoire aigue non spécifiée,,,Diagnosis,N/A,,,,
39a93b2c-b22a-45fc-b62d-876e9397cbb3,,ICD-10:A30.9,Meadow,Lèpre,Meadow,Lèpre,,,Diagnosis,N/A,,,,
d6482b3c-2a4e-4df0-8226-308db180b51e,,ICD-10:B54,Malaria,Malaria,Malaria,Malaria,,,Diagnosis,N/A,,,,
5296d262-a9c5-4090-a4ad-ce921c398084,,ICD-10:G00.9,Bacterial meningitis,Méningite bactérienne,Bacterial meningitis,Méningite bactérienne,,,Diagnosis,N/A,,,,
19385d0a-fed0-43bb-9bd7-c2b8bf0c81b4,,ICD-10:B26,Mumps,Oreillons,Mumps,Oreillons,,,Diagnosis,N/A,,,,
7d437f17-2c29-435a-9d27-a7a0c9b31f9a,,ICD-10:G81.0,Acute flaccid paralysis,Paralysie flasque aigue,Acute flaccid paralysis,Paralysie flasque aigue,,,Diagnosis,N/A,,,,
de077233-9909-4045-9fcb-7ebf9e41ccb5,,ICD-10:A82.9,Human rage,Rage humaine,Human rage,Rage humaine,,,Diagnosis,N/A,,,,
b586ccb6-a3f6-42f0-8365-a513bbc86f4d,,ICD-10:B05.9,Measles,Rougeole,Measles,Rougeole,,,Diagnosis,N/A,,,,
bed3cb26-234b-4118-9d84-9a1232cd0688,,ICD-10:B06.9,Rubella,Rubeole,Rubella,Rubeole,,,Diagnosis,N/A,,,,
ae863693-91fd-442f-bbe9-0e5f16d579d3,,ICD-10:B06.8,Congenital rubella,Rubeole congénitale,Congenital rubella,Rubeole congénitale,,,Diagnosis,N/A,,,,
47151d35-52ff-4eca-9315-fc8922c76867,,ICD-10:U04.9,Severe Acute Respiratory Syndrome (SARS),Syndrome respiratoire aigue sévère (SARS),Severe Acute Respiratory Syndrome (SARS),Syndrome respiratoire aigue sévère (SARS),,,Diagnosis,N/A,,,,
afa25763-9fdf-4a3f-90b3-585c3fc52792,,ICD-10:P35.0,Congenital syphilis,Syphilis congénitale,Congenital syphilis,Syphilis congénitale,,,Diagnosis,N/A,,,,
4bfe3cff-785f-4c14-a83c-2390c6af5e45,,ICD-10:A35,Tetanus,Tétanos,Tetanus,Tétanos,,,Diagnosis,N/A,,,,
3a0d8197-dac5-4334-b300-e437b26903e6,,ICD-10:A33,Neonatal tetanus,Tétanos neonatal,Neonatal tetanus,Tétanos neonatal,,,Diagnosis,N/A,,,,
90e80d46-fc78-473d-809a-691cc85ed127,,ICD-10:A50.6,Xerophthalmia,Xérophtalmie,Xerophthalmia,Xérophtalmie,,,Diagnosis,N/A,,,,